{
  "__version__": "1.3.2",
  "splash-setting": {
    "clearColor": {
      "x": 0.1411764705882353,
      "y": 0.1411764705882353,
      "z": 0.1411764705882353,
      "w": 1
    },
    "displayWatermark": false
  }
}
